3;KrinTrail
44;NumberSetter
53;NumberFixer
56;LifeBarSmoother2
57;LifeBarSmoother
58;dog
62;M_WEAPON_SWORD1
64;M_WEAPON_XADER
104;KrinBuffShower
118;BOOM2
120;M_HAND_NINJA
123;M_WEAPON_KATANA
126;M_SHOULDER_NINJA
129;M_ARM_NINJA
132;M_HEAD_NINJA
135;M_CHEST_NINJA
138;M_LEG2_NINJA
141;M_FOOT_NINJA
166;MODEL1
172;BoundingBox
174;BrdrShdw
176;BrdrFace
177;SimpleButtonDown
179;BrdrBlk
181;BrdrHilght
182;SimpleButtonIn
183;SimpleButtonUp
184;Defaults
185;UIObjectExtensions
186;UIObject
191;FocusRect
192;FocusManager
193;UIComponentExtensions
194;UIComponent
195;SimpleButton
196;Border
197;RectBorder
198;ButtonSkin
199;Button
200;CustomBorder
203;ScrollTrack
210;ScrollDownArrowDisabled
212;ScrollThemeColor1
214;ScrollThemeColor2
215;ScrollDownArrowDown
216;ScrollDownArrowOver
217;ScrollDownArrowUp
223;ScrollThumbBottomDisabled
225;ThumbThemeColor1
227;ThumbThemeColor3
228;ScrollThumbBottomDown
229;ScrollThumbBottomOver
230;ScrollThumbBottomUp
232;ScrollThumbGripDisabled
234;ThumbThemeColor2
235;ScrollThumbGripDown
236;ScrollThumbGripOver
237;ScrollThumbGripUp
239;ScrollThumbMiddleDisabled
240;ScrollThumbMiddleDown
244;ScrollThumbMiddleOver
245;ScrollThumbMiddleUp
246;ScrollThumbTopDisabled
247;ScrollThumbTopDown
248;ScrollThumbTopOver
249;ScrollThumbTopUp
250;ScrollTrackDisabled
251;ScrollUpArrowDisabled
252;ScrollUpArrowDown
253;ScrollUpArrowOver
254;ScrollUpArrowUp
255;BtnDownArrow
256;BtnUpArrow
257;ScrollBarAssets
258;VScrollBar
259;HScrollBar
260;UIScrollBar
167;__Packages.mx.core.UIObject
168;__Packages.mx.core.UIComponent
169;__Packages.mx.controls.scrollClasses.ScrollBar
170;__Packages.mx.controls.UIScrollBar
261;__Packages.mx.skins.SkinElement
262;__Packages.mx.styles.CSSTextStyles
263;__Packages.mx.styles.StyleManager
264;__Packages.mx.styles.CSSStyleDeclaration
265;__Packages.mx.skins.Border
266;__Packages.mx.skins.CustomBorder
267;__Packages.mx.controls.scrollClasses.ScrollThumb
268;__Packages.mx.controls.SimpleButton
269;__Packages.mx.controls.VScrollBar
270;__Packages.mx.controls.Button
271;__Packages.mx.events.EventDispatcher
272;__Packages.mx.events.UIEventDispatcher
273;__Packages.mx.skins.ColoredSkinElement
274;__Packages.mx.core.ext.UIObjectExtensions
275;__Packages.mx.skins.halo.Defaults
276;__Packages.mx.managers.DepthManager
277;__Packages.mx.managers.SystemManager
278;__Packages.mx.managers.FocusManager
279;__Packages.mx.skins.halo.FocusRect
280;__Packages.mx.managers.OverlappedWindows
281;__Packages.mx.styles.CSSSetStyle
282;__Packages.mx.core.ext.UIComponentExtensions
283;__Packages.mx.skins.RectBorder
284;__Packages.mx.skins.halo.RectBorder
285;__Packages.mx.skins.halo.ButtonSkin
286;__Packages.mx.controls.HScrollBar
338;_music_battle1
339;v5_1
340;v4_1
341;v3_1
342;v2_1
343;v2_16
344;v1_1
345;BaronDie
346;hit_doc1
347;hit_monster3
348;sfx_shock
349;sfx_acid
350;_music_battle2
351;v5_2
352;v4_2
353;v3_2
354;v2_2
355;v1_2
356;BaronHit1
357;hit_doc2
358;hit_roald1
359;Angry_Roald
360;sfx_boom
361;sfx_bite
362;_music_battle3
363;v5_3
364;v4_3
365;v3_3
366;v2_3
367;v1_3
368;BaronHit2
369;hit_doc3
370;hit_roald2
371;Angry_Dux
372;sfx_shield
373;sfx_dark
374;_music_boss
375;v5_4
376;v4_4
377;v3_4
378;v2_4
379;v1_4
380;BaronHit3
381;hit_dux1
382;hit_roald3
383;sfx_heal
384;_music_menu1
385;v5_5
386;v4_5
387;v3_5
388;v2_5
389;v1_5
390;dead_bug
391;hit_dux2
392;hit_sonny1
393;sfx_hit2
394;_music_menu2
395;v5_6
396;v4_6
397;v3_6
398;v2_6
399;v1_6
400;dead_doc
401;hit_dux3
402;hit_sonny2
403;sfx_hit3
404;sfx_heart
405;v4_7
406;v2_7
407;v1_7
408;dead_dux
409;hit_fel1
410;hit_sonny3
411;sfx_hit4
412;sfx_howl
413;v4_8
414;v2_8
415;v1_8
416;dead_fel
417;hit_fel2
418;hit_twisted1
419;sfx_hit5
420;sfx_restore
421;v2_9
422;v1_9
423;dead_human
424;hit_fel3
425;hit_twisted2
426;sfx_ice
427;sfx_shadow
428;v2_10
429;v1_10
430;dead_monster
431;hit_human1
432;hit_twisted3
433;sfx_cast
434;sfx_shell
435;v2_11
436;v1_11
437;dead_roald
438;hit_human2
439;hit_zombie1
440;sfx_poison
441;sfx_slash
442;v2_12
443;v1_12
444;dead_sonny
445;hit_human3
446;hit_zombie2
447;sfx_swing
448;sfx_spark
449;v2_13
450;v1_13
451;dead_twisted
452;hit_mayor1
453;hit_zombie3
454;sfx_magicmiss
455;sfx_trauma
456;v2_14
457;v_1
458;dead_zombie
459;hit_mayor2
460;hit_zpci1
461;sfx_magichit
462;sfx_terror
463;v2_15
464;v_2
465;dead_zpci
466;hit_mayor3
467;hit_zpci2
468;sfx_time
469;v2_17
470;v_3
471;hit_bug1
472;hit_mayor4
473;hit_zpci3
474;sfx_powerup
475;sfx_freeze
476;Click2putdown
477;v2_18
478;hit_bug2
479;hit_monster1
480;sfx_buffup
481;Click3pickup
482;v2_19
483;hit_bug3
484;hit_monster2
488;M_SHOULDER_KLIMA
492;M_LEG2_KLIMA
496;M_HEAD_KLIMA
498;M_HAND_KLIMA
500;M_FOOT_KLIMA
505;M_CHEST_KLIMA
507;M_ARM_KLIMA
509;M_WEAPON_FLATBLADE2
511;M_WEAPON_FELKNIFE4
513;M_WEAPON_FELKNIFE5
515;M_WEAPON_KATANA2
519;M_SHOULDER_ULTI3
521;M_LEG2_ULTI3
523;M_HEAD_ULTI3
525;M_FOOT_ULTI3
530;M_CHEST_ULTI3
532;M_ARM_ULTI3
533;M_SHOULDER_ULTI2
535;M_LEG2_ULTI2
536;M_HEAD_ULTI2
537;M_FOOT_ULTI2
540;M_CHEST_ULTI2
541;M_ARM_ULTI2
543;M_HEAD_PURPLENIN
547;M_SHOULDER_PURPLENIN
549;M_LEG2_PURPLENIN
551;M_HAND_PURPLENIN
553;M_FOOT_PURPLENIN
555;M_CHEST_PURPLENIN
557;M_ARM_PURPLENIN
559;M_HEAD_BLUENIN
561;M_SHOULDER_BLUENIN
563;M_LEG2_BLUENIN
564;M_HAND_BLUENIN
565;M_FOOT_BLUENIN
567;M_CHEST_BLUENIN
569;M_ARM_BLUENIN
570;M_SHOULDER_ULTI
572;M_LEG2_ULTI
573;M_HEAD_ULTI
575;M_HAND_ULTI
576;M_FOOT_ULTI
578;M_CHEST_ULTI
579;M_ARM_ULTI
583;M_SLEG2_GHOSTBOSS2
587;M_SHEAD_GHOSTBOSS2
589;M_SHAND_GHOSTBOSS2
591;M_SFOOT_GHOSTBOSS2
595;M_SCHEST_GHOSTBOSS2
597;M_SARM_GHOSTBOSS2
599;M_FOOT_FIRESAM
601;M_SHOULDER_FIRESAM
603;M_LEG2_FIRESAM
605;M_HEAD_FIRESAM
607;M_HAND_FIRESAM
609;M_CHEST_FIRESAM
611;M_ARM_FIRESAM
615;F_SHOULDER_FIR2
617;F_SLEG2_FIR2
621;F_SHEAD_FIR2
623;F_SHAND_FIR2
625;F_SFOOT_FIR2
627;F_SCHEST_FIR2
629;F_SARM_FIR2
631;M_SHOULDER_ROBOT2
633;M_LEG2_ROBOT2
635;M_HEAD_ROBOT2
637;M_HAND_ROBOT2
639;M_FOOT_ROBOT2
641;M_CHEST_ROBOT2
643;M_ARM_ROBOT2
645;F_SHOULDER_FIR
647;F_SLEG2_FIR
649;F_SHEAD_FIR
651;F_SHAND_FIR
653;F_SFOOT_FIR
655;F_SCHEST_FIR
657;F_SARM_FIR
662;M_HEAD_JASON4
664;M_LEG2_JASON4
666;M_HAND_JASON4
668;M_FOOT_JASON4
670;M_CHEST_JASON4
672;M_ARM_JASON4
674;M_SHOULDER_NOS
676;M_LEG2_NOS
678;M_HEAD_NOS
680;M_HAND_NOS
682;M_FOOT_NOS
684;M_CHEST_NOS
686;M_ARM_NOS
688;M_WEAPON_TRIDENT2
690;M_WEAPON_IMPERIAL
694;M_WEAPON_AK4
696;M_WEAPON_SWORD2
698;M_WEAPON_FLATBLADE
700;M_WEAPON_AK3
702;M_WEAPON_TASER3
704;M_WEAPON_COUNCILSTAFF
708;M_SHOULDER_PRIEST4
710;M_LEG2_PRIEST4
712;M_HEAD_PRIEST4
714;M_HAND_PRIEST4
716;M_FOOT_PRIEST4
721;M_CHEST_PRIEST4
723;M_ARM_PRIEST4
725;M_SHOULDER_IMPERIAL2
727;M_LEG2_IMPERIAL2
729;M_HEAD_IMPERIAL2
731;M_HAND_IMPERIAL2
733;M_FOOT_IMPERIAL2
735;M_CHEST_IMPERIAL2
737;M_ARM_IMPERIAL2
739;M_SHOULDER_POLICE2
741;M_LEG2_POLICE2
744;M_HEAD_POLICE2
746;M_HAND_POLICE2
748;M_FOOT_POLICE2
750;M_CHEST_POLICE2
752;M_ARM_POLICE2
754;M_SHOULDER_POLICE
756;M_LEG2_POLICE
758;M_HEAD_POLICE
760;M_HAND_POLICE
761;M_FOOT_POLICE
763;M_CHEST_POLICE
765;M_ARM_POLICE
766;M_SHOULDER_PRIEST3
768;M_LEG2_PRIEST3
770;M_HEAD_PRIEST3
771;M_HAND_PRIEST3
773;M_FOOT_PRIEST3
775;M_CHEST_PRIEST3
776;M_ARM_PRIEST3
778;M_HEAD_SINJID
780;M_SHOULDER_IMPERIAL
782;M_LEG2_IMPERIAL
784;M_HEAD_IMPERIAL
786;M_HAND_IMPERIAL
788;M_FOOT_IMPERIAL
790;M_CHEST_IMPERIAL
792;M_ARM_IMPERIAL
794;M_SHOULDER_ROBOT
796;M_LEG2_ROBOT
798;M_HEAD_ROBOT
800;M_HAND_ROBOT
802;M_FOOT_ROBOT
804;M_CHEST_ROBOT
806;M_ARM_ROBOT
808;M_WEAPON_BROAD2
810;M_WEAPON_AK2
812;M_WEAPON_TRIDENT
814;M_WEAPON_XADER3
816;M_HEAD_TUNTAT
818;M_FOOT_TUNTAT
820;M_HAND_TUNTAT
822;M_ARM_TUNTAT2
824;M_CHEST_TUNTAT2
826;M_ARM_TUNTAT
828;M_LEG2_TUNTAT
830;M_SHOULDER_TUNNELSET1
832;M_HEAD_TUNNELSET1
834;M_LEG2_TUNNELSET1
836;M_HAND_TUNNELSET1
838;M_FOOT_TUNNELSET1
840;M_CHEST_TUNNELSET1
842;M_ARM_TUNNELSET1
844;M_SHOULDER_TUNNELSET2
846;M_LEG2_TUNNELSET2
848;M_HEAD_TUNNELSET2
849;M_HAND_TUNNELSET2
850;M_FOOT_TUNNELSET2
852;M_CHEST_TUNNELSET2
854;M_ARM_TUNNELSET2
856;M_FOOT_CLEMONS2
860;M_SHOULDER_CLEMONS2
862;M_LEG2_CLEMONS2
864;M_HEAD_CLEMONS2
866;M_HAND_CLEMONS2
889;M_CHEST_CLEMONS2
891;M_ARM_CLEMONS2
893;M_FOOT_CLEMONS
895;M_SHOULDER_CLEMONS
897;M_LEG2_CLEMONS
899;M_HEAD_CLEMONS
901;M_HAND_CLEMONS
903;M_CHEST_CLEMONS
905;M_ARM_CLEMONS
907;M_FOOT_SAMURAI4
911;M_SHOULDER_SAMURAI4
915;M_HEAD_SAMURAI4
919;M_LEG2_SAMURAI4
921;M_HAND_SAMURAI4
925;M_CHEST_SAMURAI4
927;M_ARM_SAMURAI4
931;M_WEAPON_AK
933;M_WEAPON_XADER2
935;M_FOOT_FROSTPLATE
939;M_SHOULDER_FROSTPLATE
943;M_LEG2_FROSTPLATE
945;M_HEAD_FROSTPLATE
949;M_HAND_FROSTPLATE
951;M_CHEST_FROSTPLATE
953;M_ARM_FROSTPLATE
955;M_WEAPON_FELKNIFE2
957;M_WEAPON_FELKNIFE3
959;M_WEAPON_FIREAXE2
961;M_WEAPON_PIPE2
963;M_WEAPON_CROWBAR2
965;M_WEAPON_TASER2
967;M_WEAPON_PRIESTSTAFF
969;M_WEAPON_MAGESTAFF
973;M_WEAPON_FROSTAXE
975;M_WEAPON_ICESTICK
977;M_SHOULDER_JASON3
979;M_HEAD_JASON3
981;M_LEG2_JASON3
983;M_HAND_JASON3
985;M_FOOT_JASON3
987;M_CHEST_JASON3
989;M_ARM_JASON3
991;M_WEAPON_TASER
996;M_WEAPON_BATON2
998;M_ARM_WORKERSHIRT
1001;M_HEAD_WORKER
1003;M_CHEST_WORKERSHIRT
1005;M_FOOT_GAY
1007;M_ARM_GAY
1009;M_LEG2_GAY
1011;F_SLEG2_VIV
1013;F_SHEAD_VIV
1015;F_SHAND_VIV
1017;F_SFOOT_VIV
1019;F_SCHEST_VIV
1021;F_SARM_VIV
1023;M_SLEG2_GHOSTBOSS
1025;M_SHEAD_GHOSTBOSS
1027;M_SHAND_GHOSTBOSS
1029;M_SFOOT_GHOSTBOSS
1031;M_SCHEST_GHOSTBOSS
1033;M_SARM_GHOSTBOSS
1035;M_LEG2_TUX
1037;M_HEAD_TUX
1039;M_HAND_TUX
1041;M_FOOT_TUX
1043;M_CHEST_TUX
1045;M_ARM_TUX
1047;M_HEAD_HOBO
1049;M_FOOT_HOBO
1051;M_HAND_HOBO
1053;M_CHEST_HOBO
1055;M_ARM_HOBO
1057;M_LEG2_HOBO
1062;KRIN.REDBOLT
1065;KRIN.REDBLADE
1067;M_SLEG2_MAN2TAT
1069;M_SHEAD_MAN2TAT
1071;M_SHAND_MAN2TAT
1073;M_SCHEST_MAN2TAT
1075;M_SARM_MAN2TAT
1077;M_SLEG2_MANTAT
1079;M_SHEAD_MANTAT
1081;M_SHAND_MANTAT
1083;M_SFOOT_MAN
1085;M_SCHEST_MANTAT
1087;M_SARM_MANTAT
1089;HAIR_BART
1091;M_HEAD_TAT
1093;M_FOOT_TAT
1095;M_HAND_TAT
1097;M_ARM_TAT2
1099;M_CHEST_TAT2
1101;M_ARM_TAT
1103;M_LEG2_TAT
1104;KRIN.BLADEWHITE
1106;M_ARM_SHIRT5
1108;M_ARM_SHIRT4
1110;M_ARM_SHIRT3
1112;M_ARM_SHIRT2
1114;M_CHEST_SHIRT5
1116;M_CHEST_SHIRT4
1118;M_CHEST_SHIRT3
1120;M_CHEST_SHIRT2
1123;BOOM_SUN_BLUE
1124;BOOM_SUN_PURPLE
1126;M_SSHOULDER_WRAITH
1128;M_SLEG2_WRAITH
1132;M_SHEAD_WRAITH
1135;M_SHAND_WRAITH
1137;M_SFOOT_WRAITH
1142;M_SCHEST_WRAITH
1144;M_SARM_WRAITH
1146;M_SSHOULDER_PSYCHO
1148;M_SLEG2_PSYCHO
1150;M_SHEAD_PSYCHO
1153;M_SHAND_PSYCHO
1155;M_SFOOT_PSYCHO
1158;M_SCHEST_PSYCHO
1160;M_SARM_PSYCHO
1161;KRIN.YELLOWBLADE
1167;BOOM_STAR_PURPLE
1181;ex_DOWNPURPLE
1182;ex_DOWNBLUE
1184;M_SSHOULDER_AVENGER
1186;M_SLEG2_AVENGER
1188;M_SHEAD_AVENGER
1191;M_SHAND_AVENGER
1193;M_SFOOT_AVENGER
1196;M_SCHEST_AVENGER
1198;M_SARM_AVENGER
1200;M_SSHOULDER_GUARDIAN
1202;M_SLEG2_GUARDIAN
1204;M_SHEAD_GUARDIAN
1207;M_SHAND_GUARDIAN
1209;M_SFOOT_GUARDIAN
1212;M_SCHEST_GUARDIAN
1214;M_SARM_GUARDIAN
1216;M_SSHOULDER_TOXICANT
1218;M_SLEG2_TOXICANT
1220;M_SHEAD_TOXICANT
1223;M_SHAND_TOXICANT
1225;M_SFOOT_TOXICANT
1228;M_SCHEST_TOXICANT
1230;M_SARM_TOXICANT
1231;M_SSHOULDER_PREDATOR
1232;M_SLEG2_PREDATOR
1233;M_SHEAD_PREDATOR
1235;M_SHAND_PREDATOR
1237;M_SFOOT_PREDATOR
1239;M_SCHEST_PREDATOR
1240;M_SARM_PREDATOR
1256;ex_AnasOut3
1257;BOOM_STAR_BLUE
1258;KRIN.SHADOWBLADE
1270;BOOM_SLASHPURPLE
1279;ex_SPRYELLOW
1280;ex_SPRPURPLE
1281;ex_SPRBLUE
1282;ex_AnasOut2
1284;M_FOOT_XADER2
1286;M_SHOULDER_XADER2
1288;M_LEG2_XADER2
1290;M_HEAD_XADER2
1292;M_HAND_XADER2
1296;M_CHEST_XADER2
1298;M_ARM_XADER2
1300;M_SHOULDER_ZPCI2
1302;M_LEG2_ZPCI2
1304;M_HEAD_ZPCI2
1306;M_HAND_ZPCI2
1308;M_FOOT_ZPCI2
1311;M_CHEST_ZPCI2
1313;M_ARM_ZPCI2
1315;M_SHOULDER_ARCTIC
1317;M_LEG2_ARCTIC
1319;M_HEAD_ARCTIC
1321;M_HAND_ARCTIC
1323;M_FOOT_ARCTIC
1326;M_CHEST_ARCTIC
1328;M_ARM_ARCTIC
1330;M_SHOULDER_PRIEST2
1332;M_LEG2_PRIEST2
1334;M_HEAD_PRIEST2
1336;M_HAND_PRIEST2
1338;M_FOOT_PRIEST2
1341;M_CHEST_PRIEST2
1342;M_ARM_PRIEST2
1344;M_SLEG2_MAN4
1346;M_SHEAD_MAN4
1348;M_SHAND_MAN4
1350;M_SFOOT_MAN4
1352;M_SCHEST_MAN4
1354;M_SARM_MAN4
1356;HAIR_ONE
1358;M_WEAPON_DOCKNIFE
1360;F_SLEG2_FEL
1362;F_SHEAD_FEL
1364;F_SHAND_FEL
1366;F_SFOOT_FEL
1368;F_SCHEST_FEL
1370;F_SARM_FEL
1371;BOOM_STAR_YELLOW
1372;POISON_SHATTER
1373;Krin.Icebolt
1374;BOOM_STAR
1375;BOOM_ANAS
1376;BOOM_IMMOB
1378;M_CHEST_PRISON2
1380;M_ARM_PRISON2
1382;M_SHOULDER_ZPCI3
1384;M_LEG2_ZPCI3
1386;M_HEAD_ZPCI3
1388;M_HAND_ZPCI3
1390;M_FOOT_ZPCI3
1393;M_CHEST_ZPCI3
1394;M_ARM_ZPCI3
1398;M_SHOULDER_HUNT
1400;M_LEG2_HUNT
1402;M_HEAD_HUNT
1404;M_HAND_HUNT
1406;M_FOOT_HUNT
1409;M_CHEST_HUNT
1411;M_ARM_HUNT
1413;M_SHOULDER_JASON2
1415;M_HEAD_JASON2
1417;M_LEG2_JASON2
1419;M_HAND_JASON2
1421;M_FOOT_JASON2
1423;M_CHEST_JASON2
1425;M_ARM_JASON2
1427;M_SHOULDER_ZPCI
1429;M_LEG2_ZPCI
1431;M_HEAD_ZPCI
1433;M_HAND_ZPCI
1435;M_FOOT_ZPCI
1438;M_CHEST_ZPCI
1440;M_ARM_ZPCI
1442;M_SHOULDER_FROST
1444;M_LEG2_FROST
1446;M_HEAD_FROST
1449;M_HAND_FROST
1450;M_FOOT_FROST
1452;M_CHEST_FROST
1454;M_ARM_FROST
1456;M_SLEG2_FROST
1458;M_SHEAD_FROST
1460;M_SHAND_FROST
1462;M_SFOOT_FROST
1464;M_SCHEST_FROST
1466;M_SARM_FROST
1467;M_SHOULDER_PRIEST
1469;M_LEG2_PRIEST
1471;M_HEAD_PRIEST
1473;M_HAND_PRIEST
1475;M_FOOT_PRIEST
1477;M_CHEST_PRIEST
1478;M_ARM_PRIEST
1480;M_FOOT_XADER
1482;M_SHOULDER_XADER
1484;M_LEG2_XADER
1486;M_HEAD_XADER
1488;M_HAND_XADER
1490;M_CHEST_XADER
1492;M_ARM_XADER
1494;M_WEAPON_FRANKEN
1496;M_WEAPON_FELKNIFE
1498;M_WEAPON_BATON
1500;M_SHOULDER_JASON
1502;M_HEAD_JASON
1504;M_LEG2_JASON
1506;M_HAND_JASON
1508;M_FOOT_JASON
1510;M_CHEST_JASON
1512;M_ARM_JASON
1514;M_CHEST_PRISON
1516;M_ARM_PRISON
1518;M_LEG2_PRISON
1520;HAIR_THURMAN
1522;M_HAND_MADSCI
1524;M_ARM_MADSCI
1526;M_CHEST_MADSCI
1528;M_ARM_FRANKEN2
1530;M_SHOULDER_FRANKEN
1532;M_LEG2_FRANKEN
1533;M_HEAD_FRANKEN
1534;M_HAND_FRANKEN
1535;M_FOOT_FRANKEN
1539;M_CHEST_FRANKEN
1540;M_ARM_FRANKEN
1542;M_SLEG2_GHOST
1544;M_SHEAD_GHOST
1546;M_SHAND_GHOST
1548;M_SFOOT_GHOST
1550;M_SCHEST_GHOST
1552;M_SARM_GHOST
1554;M_WEAPON_MOON2
1556;M_SHOULDER_SHAMAN4
1558;M_LEG2_SHAMAN4
1560;M_HEAD_SHAMAN4
1562;M_HAND_SHAMAN4
1564;M_CHEST_SHAMAN4
1566;M_ARM_SHAMAN4
1568;M_WEAPON_UBER11
1570;M_WEAPON_UBER10
1572;M_WEAPON_UBER9
1574;M_WEAPON_UBER8
1576;M_WEAPON_UBER7
1578;M_WEAPON_UBER6
1580;M_WEAPON_UBER5
1582;M_WEAPON_UBER4
1584;M_WEAPON_UBER3
1586;M_WEAPON_UBER2
1588;M_WEAPON_UBER1
1590;HAIR_THREE
1592;HAIR_SIX
1594;F_SLEG2_SIX
1596;F_SHEAD_SIX
1598;F_SHAND_SIX
1600;F_SFOOT_SIX
1602;F_SCHEST_SIX
1604;F_SARM_SIX
1606;HAIR_FOUR
1608;M_SLEG2_FIVE
1610;M_SHEAD_FIVE
1612;M_SHAND_FIVE
1614;M_SFOOT_FIVE
1616;M_SCHEST_FIVE
1618;M_SARM_FIVE
1620;M_SLEG2_FOUR
1622;M_SHEAD_FOUR
1624;M_SHAND_FOUR
1626;M_SFOOT_FOUR
1628;M_SCHEST_FOUR
1630;M_SARM_FOUR
1632;M_SHOULDER_FINAL4
1634;M_HEAD_FINAL4
1636;M_LEG2_FINAL4
1638;M_HAND_FINAL4
1640;M_FOOT_FINAL4
1642;M_CHEST_FINAL4
1644;M_ARM_FINAL4
1646;M_SHOULDER_FINAL3
1648;M_HEAD_FINAL3
1650;M_LEG2_FINAL3
1652;M_HAND_FINAL3
1654;M_FOOT_FINAL3
1656;M_CHEST_FINAL3
1657;M_ARM_FINAL3
1659;M_SHOULDER_FINAL2
1661;M_HEAD_FINAL2
1663;M_LEG2_FINAL2
1665;M_HAND_FINAL2
1667;M_FOOT_FINAL2
1669;M_CHEST_FINAL2
1670;M_ARM_FINAL2
1672;M_SHOULDER_FINAL1
1674;M_HEAD_FINAL1
1676;M_LEG2_FINAL1
1678;M_HAND_FINAL1
1680;M_FOOT_FINAL1
1682;M_CHEST_FINAL1
1683;M_ARM_FINAL1
1684;BOOM_SPARKBLUE
1697;BOOM_SLASH2RED
1698;BOOM_SLASH2
1699;BOOM_SLASHBLUE
1700;BOOM_SLASHORANGE
1701;BOOM_SLASHRED
1702;BOOM_SLASHGREEN
1703;BOOM_SLASH
1706;BOOM_POWERUP
1710;BOOM_SHIELD
1711;BOOM_RED
1712;BOOM_SPARK
1713;BOOM_HEAL2
1714;BOOM_DARK
1715;BOOM_HEAL
1717;M_SHOULDER_SURVIVOR
1719;M_LEG2_SURVIVOR
1721;M_HEAD_SURVIVOR
1723;M_HAND_SURVIVOR
1725;M_FOOT_SURVIVOR
1727;M_CHEST_SURVIVOR
1729;M_ARM_SURVIVOR
1731;M_SHOULDER_KNIGHT
1733;M_LEG2_KNIGHT
1735;M_HEAD_KNIGHT
1737;M_HAND_KNIGHT
1739;M_FOOT_KNIGHT
1741;M_CHEST_KNIGHT
1743;M_ARM_KNIGHT
1746;M_WEAPON_SPELLSTAFF
1748;M_WEAPON_PALADINSWORD
1750;M_WEAPON_SHAMANMAGIC
1752;M_WEAPON_SHAMANSWORD
1754;M_WEAPON_SHAMANMED
1756;M_WEAPON_SHAMANKNIFE
1758;M_WEAPON_CLUB
1760;M_WEAPON_SHIELD2
1762;M_WEAPON_SPELLMACE
1764;M_WEAPON_SHANK
1766;M_WEAPON_BROAD
1794;BOOM1
1795;MODEL2
1796;M_SHOULDER_ROCKSTAR
1798;M_LEG2_ROCKSTAR
1799;M_HEAD_ROCKSTAR
1801;M_HAND_ROCKSTAR
1803;M_FOOT_ROCKSTAR
1805;M_CHEST_ROCKSTAR
1807;M_ARM_ROCKSTAR
1809;M_SHOULDER_SHAMAN3
1811;M_LEG2_SHAMAN3
1813;M_HEAD_SHAMAN3
1815;M_HAND_SHAMAN3
1817;M_CHEST_SHAMAN3
1818;M_ARM_SHAMAN3
1820;M_SHOULDER_SHAMAN2
1822;M_LEG2_SHAMAN2
1824;M_HEAD_SHAMAN2
1826;M_HAND_SHAMAN2
1828;M_CHEST_SHAMAN2
1830;M_ARM_SHAMAN2
1832;M_SHOULDER_SHAMAN1
1834;M_LEG2_SHAMAN1
1836;M_HEAD_SHAMAN1
1838;M_HAND_SHAMAN1
1839;M_FOOT_SHAMAN1
1841;M_CHEST_SHAMAN1
1843;M_ARM_SHAMAN1
1845;M_SLEG2_MAN3
1847;M_SHEAD_MAN3
1849;M_SHAND_MAN3
1851;M_SFOOT_MAN3
1853;M_SCHEST_MAN3
1855;M_SARM_MAN3
1857;M_SHOULDER_USA5
1859;M_HEAD_USA5
1861;M_LEG2_USA5
1863;M_HAND_USA5
1865;M_FOOT_USA5
1867;M_CHEST_USA5
1869;M_ARM_USA5
1871;M_SLEG2_MAN2
1873;M_SHEAD_MAN2
1875;M_SHAND_MAN2
1877;M_SFOOT_MAN2
1879;M_SCHEST_MAN2
1881;M_SARM_MAN2
1885;M_WEAPON_MOON
1887;HAIR_MAD
1889;HAIR_TWO
1891;M_HEAD_PRISON
1893;M_FOOT_JEANS
1895;M_LEG2_NAVY
1897;M_FOOT_NAVY
1899;M_WEAPON_CROWBAR
1901;M_WEAPON_PIPE
1903;M_WEAPON_SWIFT
1905;M_WEAPON_STICK
1907;M_WEAPON_FIREAXE
1909;M_WEAPON_SWATSWORD
1911;M_HAND_ENGINEERINGGLOVES
2017;M_LEG2_SAMURAI2
2019;M_FOOT_SAMURAI2
2021;M_LEG2_USA2
2023;M_FOOT_USA2
2025;M_LEG2_SINJID
2026;M_FOOT_SINJID
2028;M_HAND_SAMURAI2
2030;M_HAND_USA2
2031;M_HAND_SINJID
2036;M_HEAD_SAMURAI2
2038;M_HEAD_USA2
2041;M_SHOULDER_SAMURAI2
2043;M_CHEST_SAMURAI2
2045;M_SHOULDER_USA2
2047;M_CHEST_USA2
2050;M_SHOULDER_SINJID
2052;M_CHEST_SINJID
2059;M_WEAPON_M4
2065;M_ARM_SHIRT
2067;M_CHEST_SHIRT
2069;M_ARM_JEANS
2071;M_LEG2_JEANS
2073;M_SLEG2_MAN
2074;M_SHEAD_MAN
2076;M_SHAND_MAN
2078;M_SCHEST_MAN
2080;M_SARM_MAN
2082;M_ARM_SINJID
2084;M_ARM_SAMURAI2
2086;HAIR_FIVE
2090;M_SLEG2_ZOMBIE2
2094;M_SHEAD_ZOMBIE2
2096;M_SHAND_ZOMBIE2
2098;M_SFOOT_ZOMBIE2
2104;M_SCHEST_ZOMBIE2
2108;M_SARM_ZOMBIE2
2110;M_SLEG2_ZOMBIE1
2112;M_SHEAD_ZOMBIE1
2114;M_SHAND_ZOMBIE1
2116;M_SFOOT_ZOMBIE1
2118;M_SCHEST_ZOMBIE1
2120;M_SARM_ZOMBIE1
2122;F_SLEG2_THREE
2124;F_SHEAD_THREE
2126;F_SHAND_THREE
2128;F_SFOOT_THREE
2130;F_SCHEST_THREE
2132;F_SARM_THREE
2134;M_SLEG2_TWO
2136;M_SHEAD_TWO
2138;M_SHAND_TWO
2140;M_SFOOT_TWO
2142;M_SCHEST_TWO
2144;M_SARM_TWO
2146;M_SLEG2_ZOMBIE
2148;M_SHEAD_ZOMBIE
2150;M_SHAND_ZOMBIE
2152;M_SFOOT_ZOMBIE
2154;M_SCHEST_ZOMBIE
2156;M_SARM_ZOMBIE
2158;M_SHOULDER_USA4
2160;M_HEAD_USA4
2162;M_LEG2_USA4
2164;M_HAND_USA4
2166;M_FOOT_USA4
2168;M_CHEST_USA4
2170;M_ARM_USA4
2172;M_SHOULDER_USA3
2174;M_HEAD_USA3
2176;M_LEG2_USA3
2178;M_HAND_USA3
2180;M_FOOT_USA3
2182;M_CHEST_USA3
2184;M_ARM_USA3
2186;M_HEAD_GER
2188;M_SHEAD_USA1
2190;M_LEG2_GER
2192;M_HAND_GER
2194;M_FOOT_GER
2196;M_CHEST_GER
2198;M_ARM_GER
2200;M_SHOULDER_MEDIC
2202;M_HEAD_MEDIC
2204;M_LEG2_MEDIC
2206;M_HAND_MEDIC
2208;M_FOOT_MEDIC
2211;M_CHEST_MEDIC
2213;M_ARM_MEDIC
2215;M_ARM_USA2
2217;M_HEAD_USA1
2218;M_SHOULDER_USA1
2220;M_LEG2_USA1
2221;M_HAND_USA1
2223;M_FOOT_USA1
2225;M_CHEST_USA1
2227;M_ARM_USA1
2229;M_SLEG2_METABII
2231;M_SHEAD_METABII
2233;M_SHAND_METABII
2235;M_SFOOT_METABII
2237;M_SCHEST_METABII
2239;M_SARM_METABII
2428;BOOM3
2433;KRIN.SHADOWSHOCK
2441;talenter
2442;KRIN.POISONBOLT2
2443;Krin.Poisonbolt
2445;Krin.Magicball
2446;Krin.Magicbolt
2447;Krin.Iceblade
2448;Krin.Firebolt
2449;Krin.Iceball
2450;Krin.Electrobolt2
2451;Krin.Electrobolt
2452;M_SSHOULDER_ONE
2454;M_SLEG2_ONE
2456;M_SHEAD_ONE
2458;M_SHAND_ONE
2460;M_SFOOT_ONE
2462;M_SCHEST_ONE
2464;M_SARM_ONE
2469;MODEL9
2471;M_SARM_WEREWOLF
2473;M_SHEAD_HYDRA3
2478;M_SFOOT_HYDRA3
2480;M_SCHEST_HYDRA3
2482;M_SLEG2_HYDRA3
2484;M_SHAND_HYDRA3
2486;M_SHEAD_DOG
2488;M_SARM_DOG
2490;M_SHAND_DOG
2492;M_SLEG2_DOG
2494;M_SFOOT_DOG
2496;M_SCHEST_DOG
2498;M_SHEAD_HYDRA2
2501;M_SFOOT_HYDRA2
2503;M_SCHEST_HYDRA2
2505;M_SLEG2_HYDRA2
2507;M_SHAND_HYDRA2
2512;M_SHEAD_WEREWOLF
2514;M_SHAND_WEREWOLF
2516;M_SLEG2_WEREWOLF
2520;M_SFOOT_WEREWOLF
2522;M_SCHEST_WEREWOLF
2526;M_SHEAD_HYDRA
2529;M_SFOOT_HYDRA
2532;M_SCHEST_HYDRA
2537;M_SLEG2_HYDRA
2540;M_SHAND_HYDRA
2542;MODEL8
2547;M_SHEAD_MOKO
2551;M_SHAND_MOKO
2555;M_SARM_MOKO
2557;M_SLEG2_MOKO
2561;M_SFOOT_MOKO
2563;M_SCHEST_MOKO
2565;M_SCHEST_BUNNY
2567;M_SLEG2_BUNNY
2569;M_SHEAD_BUNNY
2571;M_SFOOT_BUNNY
2573;M_SHAND_BUNNY
2575;M_SLEG2_BEAST
2577;M_SCHEST_BEAST
2579;M_SARM_BEAST
2583;M_SHEAD_BEAST
2587;M_SFOOT_BEAST
2589;M_SHAND_BEAST
2591;M_SARM_APE
2594;M_SHAND_APE
2597;M_SHEAD_APE
2600;M_SLEG2_APE
2603;M_SFOOT_APE
2606;M_SCHEST_APE
2608;MODEL6
2610;M_SHAND_GREGOR
2613;M_SHEAD_GREGOR
2616;M_SLEG2_GREGOR
2619;M_SFOOT_GREGOR
2622;M_SCHEST_GREGOR
2631;MODEL7
2633;M_SHEAD_HOUND
2635;M_SHAND_HOUND
2637;M_SARM_HOUND
2639;M_SLEG2_HOUND
2641;M_SFOOT_HOUND
2643;M_SCHEST_HOUND
2645;M_SHEAD_WOLF
2648;M_SARM_WOLF
2651;M_SHAND_WOLF
2654;M_SLEG2_WOLF
2659;M_SFOOT_WOLF
2662;M_SCHEST_WOLF
2664;MODEL5
2668;MODEL4
